{"cameraMode":{"drawMode":0,"name":"Shaded","section":"Shading Mode"},"sceneLighting":true,"audioPlay":false,"sceneViewState":{"showFog":true,"showMaterialUpdate":true,"showSkybox":true,"showFlares":true,"showImageEffects":true,"showParticleSystems":true},"in2DMode":false,"pivot":{"x":-18.829570770263673,"y":5.898420333862305,"z":3.580552577972412},"rotation":{"x":0.0067291478626430038,"y":0.9551251530647278,"z":-0.021793091669678689,"w":0.2954384684562683},"size":4.743776798248291,"orthographic":false}