{"cameraMode":{"drawMode":0,"name":"Shaded","section":"Shading Mode"},"sceneLighting":false,"audioPlay":false,"sceneViewState":{"showFog":true,"showMaterialUpdate":true,"showSkybox":false,"showFlares":true,"showImageEffects":true,"showParticleSystems":true},"in2DMode":false,"pivot":{"x":-31.843252182006837,"y":-33.5777587890625,"z":-13.42465877532959},"rotation":{"x":0.049433838576078418,"y":0.721602737903595,"z":0.05183739587664604,"w":-0.6886237263679504},"size":0.8660265207290649,"orthographic":false}